"ID","상태","카테고리","제목","지역 ","채널","제공내역","본인부담금","회차안내","상세설명","유의사항","이미지URL","","","","","","","","","","","","","",""
"","모집중","문제성발톱","발톱무좀","인천 송도","블로그","[A타입] 발톱 무좀 케어: 전문 장비를 활용한 균 제거 및 · 비가열성 맞춤 관리","기본 관리 외 추가 케어 진행 시 별도 비용이 발생할 수 있습니다.

페디큐어 제거가 필요한 경우 유상 제거만 가능합니다. 
(미리 제거하고 오시는 것을 권장합니다.)","모집 인원: 10명 (선착순 및 적합도 평가 후 조기 마감 가능)","단순 미용 관리가 아닌, 정확한 상태 분석과 맞춤형 관리가 필요하신 분들만 신청해 주세요.

블로그 기준: 준최적화 레벨 4 이상의 블로그 운영자
필수 제출: 케어가 필요한 발톱 부위 사진 1장 첨부 (신청 폼에 첨부)
대상자: 실제로 발톱 무좀이나 내성 발톱으로 인해 일상생활에서 고민이 깊으신 분 (거주지 제한 없음)

*본 체험단 진행 후 작성된 결과물(글, 사진 등)은 브랜드 홍보 목적의 SNS, 홈페이지 등 온라인 마케팅에 가공 및 활용될 수 있습니다.","발톱무좀 또는 내성발톱으로 고민하는 분들만 신청해주세요.","","","","","","","","","","","","","","",""
"","모집중","문제성발톱","내성발톱","인천 송도","블로그","[B타입] 내성 발톱 케어: 맞춤형 내성 발톱 교정 관리","기본 관리 외 추가 케어 진행 시 별도 비용이 발생할 수 있습니다.

페디큐어 제거가 필요한 경우 유상 제거만 가능합니다. 
(미리 제거하고 오시는 것을 권장합니다.)","모집 인원: 10명 (선착순 및 적합도 평가 후 조기 마감 가능)","단순 미용 관리가 아닌, 정확한 상태 분석과 맞춤형 관리가 필요하신 분들만 신청해 주세요.

블로그 기준: 준최적화 레벨 4 이상의 블로그 운영자
필수 제출: 케어가 필요한 발톱 부위 사진 1장 첨부 (신청 폼에 첨부)
대상자: 실제로 발톱 무좀이나 내성 발톱으로 인해 일상생활에서 고민이 깊으신 분 (거주지 제한 없음)

*본 체험단 진행 후 작성된 결과물(글, 사진 등)은 브랜드 홍보 목적의 SNS, 홈페이지 등 온라인 마케팅에 가공 및 활용될 수 있습니다.","발톱무좀 또는 내성발톱으로 고민하는 분들만 신청해주세요.","","","","","","","","","","","","","","",""
"","","","사진 체험단","","","","","","","","","","","","","","","","","","","","","",""
